-- phpMyAdmin SQL Dump
-- version 4.9.2
-- https://www.phpmyadmin.net/
--
-- Host: localhost
-- Generation Time: May 30, 2020 at 02:59 PM
-- Server version: 10.4.11-MariaDB
-- PHP Version: 7.4.1

SET SQL_MODE = "NO_AUTO_VALUE_ON_ZERO";
SET AUTOCOMMIT = 0;
START TRANSACTION;
SET time_zone = "+00:00";


/*!40101 SET @OLD_CHARACTER_SET_CLIENT=@@CHARACTER_SET_CLIENT */;
/*!40101 SET @OLD_CHARACTER_SET_RESULTS=@@CHARACTER_SET_RESULTS */;
/*!40101 SET @OLD_COLLATION_CONNECTION=@@COLLATION_CONNECTION */;
/*!40101 SET NAMES utf8mb4 */;

--
-- Database: `Absence`
--

-- --------------------------------------------------------

--
-- Table structure for table `Classe`
--

CREATE TABLE `Classe` (
  `id_classe` varchar(100) NOT NULL,
  `nom_classe` varchar(100) NOT NULL
) ENGINE=InnoDB DEFAULT CHARSET=utf8;

--
-- Dumping data for table `Classe`
--

INSERT INTO `Classe` (`id_classe`, `nom_classe`) VALUES
('3-GINFO', '3 éme année genie informatique'),
('CP2', '2 éme année cycle préparatoire');

-- --------------------------------------------------------

--
-- Table structure for table `Cours`
--

CREATE TABLE `Cours` (
  `id_cours` int(11) NOT NULL,
  `nomCours` varchar(100) NOT NULL,
  `id_prof` varchar(100) NOT NULL,
  `id_classe` varchar(100) NOT NULL
) ENGINE=InnoDB DEFAULT CHARSET=utf8;

--
-- Dumping data for table `Cours`
--

INSERT INTO `Cours` (`id_cours`, `nomCours`, `id_prof`, `id_classe`) VALUES
(1, 'Analyse-numerique-cours', '2021', 'CP2'),
(2, 'Analyse4-cours', '2021', 'CP2'),
(3, 'Gestion-financiere-cous', '2021', '3-GINFO'),
(4, 'java-uml-cours', '2020', '3-GINFO'),
(5, 'java-uml-tp', '2020', '3-GINFO');

-- --------------------------------------------------------

--
-- Table structure for table `Enseignant`
--

CREATE TABLE `Enseignant` (
  `Id_prof` varchar(100) NOT NULL,
  `nom` varchar(100) NOT NULL,
  `prenom` varchar(100) NOT NULL,
  `mdp` varchar(100) NOT NULL
) ENGINE=InnoDB DEFAULT CHARSET=utf8;

--
-- Dumping data for table `Enseignant`
--

INSERT INTO `Enseignant` (`Id_prof`, `nom`, `prenom`, `mdp`) VALUES
('2020', 'Ouarrachi', 'Meryem', '2030'),
('2021', 'Jraifi', 'Abdel-llah', '3030');

-- --------------------------------------------------------

--
-- Table structure for table `Etudiant`
--

CREATE TABLE `Etudiant` (
  `CNE` varchar(100) NOT NULL,
  `nom` varchar(100) NOT NULL,
  `prenom` varchar(100) NOT NULL,
  `id_classe` varchar(100) NOT NULL
) ENGINE=InnoDB DEFAULT CHARSET=utf8;

--
-- Dumping data for table `Etudiant`
--

INSERT INTO `Etudiant` (`CNE`, `nom`, `prenom`, `id_classe`) VALUES
('G10000000', 'ABID', 'Basma', 'CP2'),
('G10000001', 'AFDEL', 'Mouad', 'CP2'),
('G10000002', 'AFILAL', 'Badr', 'CP2'),
('G10000003', 'AHLAOU', 'Yassine', 'CP2'),
('G10000004', 'AHSAINE', 'Chaimae', 'CP2'),
('G10000005', 'AKNAIK', 'Rida', 'CP2'),
('G10000006', 'AKOUR', 'Yassine', 'CP2'),
('G10000007', 'AMAADOUR', 'Rachid', 'CP2'),
('G10000008', 'AMEZIANE', 'Hamza', 'CP2'),
('G10000009', 'AMRANI-SOUHLI', 'Ghita', 'CP2'),
('G10000010', 'AOUINA', 'Hafid', 'CP2'),
('G10000011', 'AOUZAL', 'Ayoub', 'CP2'),
('G10000012', 'AQUACH', 'Wissal', 'CP2'),
('G10000013', 'ARROUBI', 'Abdessamad', 'CP2'),
('G10000014', 'ASKALLAM', 'Safae', 'CP2'),
('G10000015', 'ATTAR', 'Khaoula', 'CP2'),
('G10000016', 'ATTAR', 'Youssef', 'CP2'),
('G10000017', 'AZZAMOK', 'Amine', 'CP2'),
('G10000018', 'BAHRY', 'Intissar', 'CP2'),
('G10000019', 'BAHYAOUI', 'Mohamed', 'CP2'),
('G10000020', 'BAKABOU', 'Younes', 'CP2'),
('G10000021', 'BAKKA', 'Abdellah', 'CP2'),
('G10000022', 'BAKO', 'Jamila Aboubacar', 'CP2'),
('G10000023', 'BEHLOUL', 'Zakaria', 'CP2'),
('G10000024', 'BELARIF', 'Achraf', 'CP2'),
('G10000025', 'BELLOUCH', 'Abdelwahab', 'CP2'),
('G10000026', 'BEN AMARA', 'Farah', 'CP2'),
('G10000027', 'BENDOUCH', 'Khadija', 'CP2'),
('G10000028', 'BEN-EL-AHMAR', 'Badr', 'CP2'),
('G10000029', 'BENJDID', 'Khadija', 'CP2'),
('G10000030', 'BENMARRAK', 'Akram', 'CP2'),
('G10000031', 'BOUDRIGA', 'Sabah', 'CP2'),
('G10000032', 'BOULAGHLA', 'Amina', 'CP2'),
('G10000033', 'BOUMKEHLA', 'Mehdi', 'CP2'),
('G10000034', 'BOUSMAKI', 'Labiba', 'CP2'),
('G10000035', 'BOUTEGUETTAIT', 'Chaimaa', 'CP2'),
('G10000036', 'CHAHBOUNE', 'Hicham', 'CP2'),
('G10000037', 'CHAKIR', 'Meriem', 'CP2'),
('G10000038', 'CHANNA', 'Farah', 'CP2'),
('G10000039', 'CHAOUI', 'Nadia', 'CP2'),
('G10000040', 'CHEMSI', 'Achraf', 'CP2'),
('G10000041', 'CHIADMI', 'Chaymae', 'CP2'),
('G10000042', 'DAKIR', 'Chayma', 'CP2'),
('G10000043', 'DARFI', 'Oussama', 'CP2'),
('G10000044', 'DAYAJI', 'Salah-eddine', 'CP2'),
('G10000045', 'DERDER', 'Abderrazak', 'CP2'),
('G10000046', 'ECH-CHABABI', 'Ikram', 'CP2'),
('G10000047', 'ECHMAKH', 'Meryem', 'CP2'),
('G10000048', 'EL ASSAD', 'Kenza', 'CP2'),
('G10000049', 'EL BAIK', 'Asma', 'CP2'),
('G10000050', 'EL BOUAZZAOUI', 'Abdellah', 'CP2'),
('G10000051', 'EL BOUTOULY', 'Nohaila', 'CP2'),
('G10000052', 'EL EDRISSI', 'Hafid', 'CP2'),
('G10000053', 'EL FENNI', 'Asmae', 'CP2'),
('G10000054', 'EL GADI', 'Hamza', 'CP2'),
('G10000055', 'EL HAJALI', 'Imad Eddine', 'CP2'),
('G10000056', 'EL IDRISSI MOUBTA', 'Aymen', 'CP2'),
('G10000057', 'EL JEBRI', 'Imad', 'CP2'),
('G10000058', 'EL LAHYA', 'Ismail', 'CP2'),
('G10000059', 'EL MARRAKCHI', 'Salma', 'CP2'),
('G10000060', 'EL MENI', 'Zineb', 'CP2'),
('G10000061', 'EL MOKADDEM', 'Hassan', 'CP2'),
('G10000062', 'EL MOUNCHIT', 'Nassima', 'CP2'),
('G10000063', 'EL ORCHI', 'El mehdi', 'CP2'),
('G10000064', 'EL QASSOUARI', 'Samir', 'CP2'),
('G10000065', 'ELAOUFI', 'Nouhaila', 'CP2'),
('G10000066', 'ELATOUNI', 'Meryem', 'CP2'),
('G10000067', 'ELBIED', 'Soulaimane', 'CP2'),
('G10000068', 'ELBOUKILI', 'Aicha', 'CP2'),
('G10000069', 'ELFILALI', 'Achraf', 'CP2'),
('G10000070', 'EL-IDRYSY', 'Aicha', 'CP2'),
('G10000071', 'ELKANOUNY', 'Houda', 'CP2'),
('G10000072', 'ENNAIR', 'Ahmed', 'CP2'),
('G10000073', 'ENNAOUI', 'Nadia', 'CP2'),
('G10000074', 'ERRAOUI', 'Saad', 'CP2'),
('G10000075', 'ESSEDDIKI', 'Nouhaila', 'CP2'),
('G10000076', 'ES-SEHYMY', 'Abdelkadous', 'CP2'),
('G10000077', 'ETTALEB', 'Mohamed', 'CP2'),
('G10000078', 'ETTAROUZI', 'Hamdi', 'CP2'),
('G10000079', 'FADDE', 'Ouiam', 'CP2'),
('G10000080', 'FAKIR', 'Badre', 'CP2'),
('G10000081', 'FETHI REDOUANE', 'Chadia', 'CP2'),
('G10000082', 'GHANDI', 'Yassir', 'CP2'),
('G10000083', 'GHANDI', 'Zoubair', 'CP2'),
('G10000084', 'GOITA', 'Sekou Amadou', 'CP2'),
('G10000085', 'GOUAM', 'Salma', 'CP2'),
('G10000086', 'GOUBAR', 'Zineb', 'CP2'),
('G10000087', 'GOUMA', 'Yassine', 'CP2'),
('G10000088', 'HABIB ALLAH', 'Hajar', 'CP2'),
('G10000089', 'HABIBI', 'Mouna', 'CP2'),
('G10000090', 'HACHIMI', 'Mohamed', 'CP2'),
('G10000091', 'HADER', 'Amal', 'CP2'),
('G10000092', 'HAIOUEL', 'Aymane', 'CP2'),
('G10000093', 'HAJ KHLIFA', 'Hamza', 'CP2'),
('G10000094', 'HALLAL', 'Nassima', 'CP2'),
('G10000095', 'HAMDAOUI', 'Mohamed Akram', 'CP2'),
('G10000096', 'HAMMA', 'Elmehdi', 'CP2'),
('G10000097', 'HANDA', 'Ali', 'CP2'),
('G10000098', 'HANZAZ', 'Mohammed', 'CP2'),
('G10000099', 'HARID', 'Hiba', 'CP2'),
('G10000100', 'HISSI', 'Loubna', 'CP2'),
('G10000101', 'HMIDDOUCHE', 'Yassamine', 'CP2'),
('G10000102', 'HSINI', 'Youssef', 'CP2'),
('G10000103', 'JASSOUR', 'Fatima-ezzahra', 'CP2'),
('G10000104', 'JOUICHA', 'Youssef', 'CP2'),
('G10000105', 'KADIHAJA', 'Salma', 'CP2'),
('G10000106', 'KAMAL', 'Ikram', 'CP2'),
('G10000107', 'KARRA', 'Imane', 'CP2'),
('G10000108', 'KEROUAD', 'Yousra', 'CP2'),
('G10000109', 'KHALIL', 'Hassan', 'CP2'),
('G10000110', 'KHANBOURI', 'Saad', 'CP2'),
('G10000111', 'KHIDACHE', 'Ismail', 'CP2'),
('G10000112', 'LAABOULLI', 'Salwa', 'CP2'),
('G10000113', 'LAAJILI', 'Meriem', 'CP2'),
('G10000114', 'LAGBOURI', 'Youssef', 'CP2'),
('G10000115', 'LAHMAIDI', 'Aymane', 'CP2'),
('G10000116', 'LAKSYRY', 'Hajar', 'CP2'),
('G10000117', 'LOUARTITI', 'Mahmoud', 'CP2'),
('G10000118', 'MAHAMADOU HAR', 'Omar                         ', 'CP2'),
('G10000119', 'MAIGA', 'Fati', 'CP2'),
('G10000120', 'MARRA', 'Fatima-zahra', 'CP2'),
('G10000121', 'MASSOUDI', 'Hamza', 'CP2'),
('G10000122', 'MERGHAD', 'Ibtissam', 'CP2'),
('G10000123', 'METOUDOU MOFFO', 'Harssler', 'CP2'),
('G10000124', 'MIDI', 'Yassine', 'CP2'),
('G10000125', 'MINYAOUI', 'Oumaima', 'CP2'),
('G10000126', 'MOUSTAOUI', 'Mohamed', 'CP2'),
('G10000127', 'MOUTARI MALAM', 'Nana Hadiza', 'CP2'),
('G10000128', 'NASSIRI', 'Imad', 'CP2'),
('G10000129', 'NBIKA', 'Asmae', 'CP2'),
('G10000130', 'NEZILI', 'Yassir', 'CP2'),
('G10000131', 'NOUEL', 'Wassime', 'CP2'),
('G10000132', 'NOUHOU KALLAM', 'Idi', 'CP2'),
('G10000133', 'OUAADIDI', 'Nouhaila', 'CP2'),
('G10000134', 'OUBOUILLI', 'Houssameddine', 'CP2'),
('G10000135', 'OUCHEN', 'Jamaa', 'CP2'),
('G10000136', 'OUCHEN', 'Othman', 'CP2'),
('G10000137', 'OUIHMAN', 'Bouchra', 'CP2'),
('G10000138', 'OUISROUTEN', 'Omar', 'CP2'),
('G10000139', 'OUKHRID', 'Maryam', 'CP2'),
('G10000140', 'OULMADOU', 'Lamiae', 'CP2'),
('G10000141', 'OUMZIL', 'Dounya', 'CP2'),
('G10000142', 'OUSSEINI BONKOU ', 'Channatte                ', 'CP2'),
('G10000143', 'OUTLIOUA', 'Yassine', 'CP2'),
('G10000144', 'RAFYA', 'Sanaa', 'CP2'),
('G10000145', 'REGASSE', 'Oussama', 'CP2'),
('G10000146', 'REMMALI', 'Nadia', 'CP2'),
('G10000147', 'RHAROUABY', 'Oumaima', 'CP2'),
('G10000148', 'RHOUMRISS', 'Samira', 'CP2'),
('G10000149', 'SAAD', 'Chaymae', 'CP2'),
('G10000150', 'SABRI', 'Hind', 'CP2'),
('G10000151', 'SABRI', 'Kaoutar', 'CP2'),
('G10000152', 'SAFIEDDINE', 'Yasmina', 'CP2'),
('G10000153', 'SAMA', 'Oumayma', 'CP2'),
('G10000154', 'SAYAD', 'Mohammed', 'CP2'),
('G10000155', 'SEBBAGH', 'Aymane', 'CP2'),
('G10000156', 'SITI', 'Hajar', 'CP2'),
('G10000157', 'SOUSSI', 'Khadija', 'CP2'),
('G10000158', 'TAKAOUI', 'Fatima Ezzahra', 'CP2'),
('G10000159', 'TAOUFIKI', 'Mohamed', 'CP2'),
('G10000160', 'TAOUIL', 'El Mekki', 'CP2'),
('G10000161', 'TOURE', 'Idrissa Hamidou', 'CP2'),
('G10000162', 'TSHIBOLA BIJANU', 'Ketsia', 'CP2'),
('G10000163', 'ZAHIR', 'Oumaima', 'CP2'),
('G10000164', 'ZARTOUNI', 'Mohammed', 'CP2'),
('G10000165', 'ZOUAOUI', 'Ziyad', 'CP2'),
('G137400077', 'El hachimi', 'yassine', '3-GINFO'),
('G137400078', 'Et taoussi', 'jamal', '3-GINFO'),
('G137400079', 'Nokri', 'naoufal', '3-GINFO'),
('G137400080', 'Khribech', 'abdelhafid', '3-GINFO'),
('G137400081', 'Lourigua', 'Mohamed', '3-GINFO'),
('G137400082', 'Errobai', 'Sakhr', '3-GINFO'),
('G137400083', 'El majdoubi', 'Abdelali', '3-GINFO'),
('G137400084', 'Rouddasse', 'Saad', '3-GINFO'),
('G137400085', 'Elmeskaoui', 'Amine', '3-GINFO'),
('G137400086', 'Chahi', 'Saad', '3-GINFO'),
('G137400087', 'Arafa', 'Nissrine', '3-GINFO'),
('G137400088', 'Matrouh', 'Mohamed', '3-GINFO'),
('G137400089', 'Achrrab', 'Zineb', '3-GINFO'),
('G137400091', 'Moustaid', 'Hiba', '3-GINFO'),
('G137400092', 'Machrou', 'Wafae', '3-GINFO'),
('G137400093', 'kachbal', 'ilham', '3-GINFO'),
('G137400094', 'Tsioucha', 'Imane', '3-GINFO'),
('G137400095', 'Benabdelkrim', 'Amina', '3-GINFO'),
('G137400096', 'Hafi', 'Malika', '3-GINFO'),
('G137400097', 'Loughziel', 'Anas', '3-GINFO'),
('G137400098', 'Lamsaddek', 'Dounia', '3-GINFO'),
('G137400099', 'El Aaoumari', 'Oussama', '3-GINFO'),
('G137400100', 'Bouchwik', 'lamiaa', '3-GINFO'),
('G137400101', 'EL Himer ', 'Safae', '3-GINFO'),
('G137400102', 'Jadour', 'Fatima-Zahraa', '3-GINFO'),
('G137400103', 'Dali', 'Naoual', '3-GINFO'),
('G137400104', 'chihab', 'Yassine', '3-GINFO'),
('G137400105', 'Malkoun', 'Aiman', '3-GINFO'),
('G137400106', 'Habibou', 'Hamza', '3-GINFO');

-- --------------------------------------------------------

--
-- Table structure for table `Etudiant_Cours`
--

CREATE TABLE `Etudiant_Cours` (
  `CNE` varchar(100) NOT NULL,
  `id_cours` int(11) NOT NULL
) ENGINE=InnoDB DEFAULT CHARSET=utf8;

-- --------------------------------------------------------

--
-- Table structure for table `FicheAbsence`
--

CREATE TABLE `FicheAbsence` (
  `id_fiche` varchar(100) NOT NULL,
  `id_classe` varchar(100) NOT NULL,
  `cours` varchar(100) DEFAULT NULL,
  `fiche` longblob DEFAULT NULL
) ENGINE=InnoDB DEFAULT CHARSET=utf8;

--
-- Dumping data for table `FicheAbsence`
--

INSERT INTO `FicheAbsence` (`id_fiche`, `id_classe`, `cours`, `fiche`) VALUES
('F1-3-GINFO-Gestion-financiere-cous', '3-GINFO', 'Gestion-financiere-cous', 0x7b436861686920536161643d747275652c20454c2048696d6572202053616661653d747275652c204d616368726f752057616661653d747275652c204172616661204e69737372696e653d747275652c2041636872726162205a696e65623d747275652c206368696861622059617373696e653d747275652c20456c2041616f756d617269204f757373616d613d747275652c2048616669204d616c696b613d66616c73652c204c6f7567687a69656c20416e61733d66616c73652c204572726f6261692053616b68723d747275652c206b61636862616c20696c68616d3d747275652c204a61646f757220466174696d612d5a61687261613d747275652c2044616c69204e616f75616c3d747275652c2048616269626f752048616d7a613d747275652c204d6174726f7568204d6f68616d65643d747275652c204c616d73616464656b20446f756e69613d747275652c20526f7564646173736520536161643d747275652c2045742074616f75737369206a616d616c3d747275652c204d616c6b6f756e2041696d616e3d747275652c204c6f757269677561204d6f68616d65643d747275652c20456c2068616368696d692079617373696e653d747275652c20426f75636877696b206c616d6961613d747275652c205473696f7563686120496d616e653d747275652c204e6f6b7269206e616f7566616c3d747275652c20456c206d616a646f75626920416264656c616c693d747275652c204b6872696265636820616264656c68616669643d747275652c2042656e616264656c6b72696d20416d696e613d747275652c20456c6d65736b616f756920416d696e653d747275652c204d6f75737461696420486962613d747275657d),
('F1-3-GINFO-java-uml-cours', '3-GINFO', 'java-uml-cours', 0x7b436861686920536161643d747275652c20454c2048696d6572202053616661653d66616c73652c204d616368726f752057616661653d747275652c204172616661204e69737372696e653d66616c73652c2041636872726162205a696e65623d747275652c206368696861622059617373696e653d747275652c20456c2041616f756d617269204f757373616d613d747275652c2048616669204d616c696b613d66616c73652c204c6f7567687a69656c20416e61733d747275652c204572726f6261692053616b68723d747275652c206b61636862616c20696c68616d3d747275652c204a61646f757220466174696d612d5a61687261613d747275652c2044616c69204e616f75616c3d747275652c2048616269626f752048616d7a613d747275652c204d6174726f7568204d6f68616d65643d747275652c204c616d73616464656b20446f756e69613d747275652c20526f7564646173736520536161643d747275652c2045742074616f75737369206a616d616c3d747275652c204d616c6b6f756e2041696d616e3d747275652c204c6f757269677561204d6f68616d65643d66616c73652c20456c2068616368696d692079617373696e653d747275652c20426f75636877696b206c616d6961613d66616c73652c205473696f7563686120496d616e653d66616c73652c204e6f6b7269206e616f7566616c3d747275652c20456c206d616a646f75626920416264656c616c693d747275652c204b6872696265636820616264656c68616669643d747275652c2042656e616264656c6b72696d20416d696e613d66616c73652c20456c6d65736b616f756920416d696e653d747275652c204d6f75737461696420486962613d747275657d),
('F1-3-GINFO-java-uml-tp', '3-GINFO', 'java-uml-tp', 0x7b436861686920536161643d66616c73652c20454c2048696d6572202053616661653d747275652c204d616368726f752057616661653d747275652c204172616661204e69737372696e653d66616c73652c2041636872726162205a696e65623d747275652c206368696861622059617373696e653d747275652c20456c2041616f756d617269204f757373616d613d66616c73652c2048616669204d616c696b613d66616c73652c204c6f7567687a69656c20416e61733d747275652c204572726f6261692053616b68723d747275652c206b61636862616c20696c68616d3d747275652c204a61646f757220466174696d612d5a61687261613d747275652c2044616c69204e616f75616c3d747275652c2048616269626f752048616d7a613d747275652c204d6174726f7568204d6f68616d65643d747275652c204c616d73616464656b20446f756e69613d747275652c20526f7564646173736520536161643d66616c73652c2045742074616f75737369206a616d616c3d66616c73652c204d616c6b6f756e2041696d616e3d747275652c204c6f757269677561204d6f68616d65643d747275652c20456c2068616368696d692079617373696e653d747275652c20426f75636877696b206c616d6961613d747275652c205473696f7563686120496d616e653d747275652c204e6f6b7269206e616f7566616c3d747275652c20456c206d616a646f75626920416264656c616c693d747275652c204b6872696265636820616264656c68616669643d747275652c2042656e616264656c6b72696d20416d696e613d747275652c20456c6d65736b616f756920416d696e653d66616c73652c204d6f75737461696420486962613d747275657d),
('F2-3-GINFO-Gestion-financiere-cous', '3-GINFO', 'Gestion-financiere-cous', 0x7b436861686920536161643d747275652c20454c2048696d6572202053616661653d747275652c204d616368726f752057616661653d747275652c204172616661204e69737372696e653d747275652c2041636872726162205a696e65623d747275652c206368696861622059617373696e653d747275652c20456c2041616f756d617269204f757373616d613d747275652c2048616669204d616c696b613d747275652c204c6f7567687a69656c20416e61733d747275652c204572726f6261692053616b68723d66616c73652c206b61636862616c20696c68616d3d747275652c204a61646f757220466174696d612d5a61687261613d747275652c2044616c69204e616f75616c3d747275652c2048616269626f752048616d7a613d747275652c204d6174726f7568204d6f68616d65643d747275652c204c616d73616464656b20446f756e69613d747275652c20526f7564646173736520536161643d747275652c2045742074616f75737369206a616d616c3d747275652c204d616c6b6f756e2041696d616e3d747275652c204c6f757269677561204d6f68616d65643d747275652c20456c2068616368696d692079617373696e653d747275652c20426f75636877696b206c616d6961613d747275652c205473696f7563686120496d616e653d747275652c204e6f6b7269206e616f7566616c3d747275652c20456c206d616a646f75626920416264656c616c693d747275652c204b6872696265636820616264656c68616669643d747275652c20456c6d65736b616f756920416d696e653d747275652c2042656e616264656c6b72696d20416d696e613d747275652c204d6f75737461696420486962613d747275657d),
('F2-3-GINFO-java-uml-cours', '3-GINFO', 'java-uml-cours', 0x7b436861686920536161643d747275652c20454c2048696d6572202053616661653d747275652c204d616368726f752057616661653d747275652c204172616661204e69737372696e653d66616c73652c2041636872726162205a696e65623d747275652c206368696861622059617373696e653d747275652c20456c2041616f756d617269204f757373616d613d747275652c2048616669204d616c696b613d747275652c204c6f7567687a69656c20416e61733d747275652c204572726f6261692053616b68723d747275652c206b61636862616c20696c68616d3d747275652c204a61646f757220466174696d612d5a61687261613d747275652c2044616c69204e616f75616c3d747275652c2048616269626f752048616d7a613d747275652c204d6174726f7568204d6f68616d65643d747275652c204c616d73616464656b20446f756e69613d747275652c20526f7564646173736520536161643d747275652c2045742074616f75737369206a616d616c3d747275652c204d616c6b6f756e2041696d616e3d747275652c204c6f757269677561204d6f68616d65643d747275652c20456c2068616368696d692079617373696e653d747275652c20426f75636877696b206c616d6961613d747275652c205473696f7563686120496d616e653d747275652c204e6f6b7269206e616f7566616c3d66616c73652c20456c206d616a646f75626920416264656c616c693d747275652c204b6872696265636820616264656c68616669643d747275652c2042656e616264656c6b72696d20416d696e613d66616c73652c20456c6d65736b616f756920416d696e653d747275652c204d6f75737461696420486962613d747275657d),
('F2-3-GINFO-java-uml-tp', '3-GINFO', 'java-uml-tp', 0x7b436861686920536161643d747275652c20454c2048696d6572202053616661653d747275652c204d616368726f752057616661653d747275652c204172616661204e69737372696e653d747275652c2041636872726162205a696e65623d747275652c206368696861622059617373696e653d747275652c20456c2041616f756d617269204f757373616d613d747275652c2048616669204d616c696b613d747275652c204c6f7567687a69656c20416e61733d747275652c204572726f6261692053616b68723d747275652c206b61636862616c20696c68616d3d747275652c204a61646f757220466174696d612d5a61687261613d747275652c2044616c69204e616f75616c3d747275652c2048616269626f752048616d7a613d747275652c204d6174726f7568204d6f68616d65643d747275652c204c616d73616464656b20446f756e69613d747275652c20526f7564646173736520536161643d747275652c2045742074616f75737369206a616d616c3d747275652c204d616c6b6f756e2041696d616e3d747275652c204c6f757269677561204d6f68616d65643d747275652c20456c2068616368696d692079617373696e653d747275652c20426f75636877696b206c616d6961613d747275652c205473696f7563686120496d616e653d747275652c204e6f6b7269206e616f7566616c3d747275652c20456c206d616a646f75626920416264656c616c693d747275652c204b6872696265636820616264656c68616669643d747275652c2042656e616264656c6b72696d20416d696e613d747275652c20456c6d65736b616f756920416d696e653d747275652c204d6f75737461696420486962613d747275657d),
('F3-3-GINFO-Gestion-financiere-cous', '3-GINFO', 'Gestion-financiere-cous', 0x7b436861686920536161643d747275652c20454c2048696d6572202053616661653d747275652c204d616368726f752057616661653d747275652c204172616661204e69737372696e653d747275652c2041636872726162205a696e65623d747275652c206368696861622059617373696e653d747275652c20456c2041616f756d617269204f757373616d613d747275652c2048616669204d616c696b613d747275652c204c6f7567687a69656c20416e61733d747275652c204572726f6261692053616b68723d66616c73652c206b61636862616c20696c68616d3d747275652c204a61646f757220466174696d612d5a61687261613d747275652c2044616c69204e616f75616c3d747275652c2048616269626f752048616d7a613d747275652c204d6174726f7568204d6f68616d65643d747275652c204c616d73616464656b20446f756e69613d747275652c20526f7564646173736520536161643d747275652c2045742074616f75737369206a616d616c3d66616c73652c204d616c6b6f756e2041696d616e3d747275652c204c6f757269677561204d6f68616d65643d747275652c20456c2068616368696d692079617373696e653d747275652c20426f75636877696b206c616d6961613d747275652c205473696f7563686120496d616e653d747275652c204e6f6b7269206e616f7566616c3d747275652c20456c206d616a646f75626920416264656c616c693d747275652c204b6872696265636820616264656c68616669643d747275652c2042656e616264656c6b72696d20416d696e613d747275652c20456c6d65736b616f756920416d696e653d66616c73652c204d6f75737461696420486962613d747275657d);

-- --------------------------------------------------------

--
-- Table structure for table `Semaine`
--

CREATE TABLE `Semaine` (
  `id_semaine` varchar(100) NOT NULL,
  `date_debut` date NOT NULL,
  `date_fin` date NOT NULL,
  `id_fiche` varchar(100) NOT NULL
) ENGINE=InnoDB DEFAULT CHARSET=utf8;

--
-- Dumping data for table `Semaine`
--

INSERT INTO `Semaine` (`id_semaine`, `date_debut`, `date_fin`, `id_fiche`) VALUES
('S1', '2020-04-13', '2020-04-18', 'F1'),
('S2', '2020-04-20', '2020-04-25', 'F2'),
('S3', '2020-04-27', '2020-05-01', 'F3'),
('S4', '2020-05-04', '2020-05-08', 'F4');

--
-- Indexes for dumped tables
--

--
-- Indexes for table `Classe`
--
ALTER TABLE `Classe`
  ADD PRIMARY KEY (`id_classe`);

--
-- Indexes for table `Cours`
--
ALTER TABLE `Cours`
  ADD PRIMARY KEY (`id_cours`);

--
-- Indexes for table `Enseignant`
--
ALTER TABLE `Enseignant`
  ADD PRIMARY KEY (`Id_prof`);

--
-- Indexes for table `Etudiant`
--
ALTER TABLE `Etudiant`
  ADD PRIMARY KEY (`CNE`);

--
-- Indexes for table `Etudiant_Cours`
--
ALTER TABLE `Etudiant_Cours`
  ADD PRIMARY KEY (`CNE`,`id_cours`);

--
-- Indexes for table `FicheAbsence`
--
ALTER TABLE `FicheAbsence`
  ADD PRIMARY KEY (`id_fiche`);

--
-- Indexes for table `Semaine`
--
ALTER TABLE `Semaine`
  ADD PRIMARY KEY (`id_semaine`);
COMMIT;

/*!40101 SET CHARACTER_SET_CLIENT=@OLD_CHARACTER_SET_CLIENT */;
/*!40101 SET CHARACTER_SET_RESULTS=@OLD_CHARACTER_SET_RESULTS */;
/*!40101 SET COLLATION_CONNECTION=@OLD_COLLATION_CONNECTION */;
